,Course Name,Prereqs
0,AAS 10,[]
1,AIP 197T,[]
2,ANBI 118,[]
3,ANAR 121,[]
4,ANBI 136,[]
5,ANBI 121,[]
6,ANAR 120,[]
7,ANAR 146,[]
8,AAS 190,[]
9,ANBI 141,[]
10,ANSC 122,[]
11,ANBI 175,[]
12,ANSC 148,[]
13,ANSC 144,[]
14,ANSC 180,[]
15,ANSC 164,[]
16,ANSC 133,[]
17,ANTH 101,[]
18,ANSC 117,[]
19,ANSC 124,[]
20,ANSC 186,[]
21,ANSC 121,[]
22,ANTH 21,[]
23,ANTH 23,[]
24,ANTH 105,[]
25,ANTH 2,[]
26,AWP 3,[]
27,ANTH 87,[]
28,AWP 2B,[]
29,AWP 4A,[]
49,BENG 2,[]
62,BILD 1,[]
64,BILD 20,[]
65,BILD 10,[]
66,BILD 3,[]
67,BILD 30,[]
68,BILD 32,[]
69,BILD 4,[]
71,BILD 70,[]
72,BILD 92,[]
76,BILD 96,[]
90,BISP 195,[]
95,CCS 102,[]
97,CAT 125R,[]
100,CENG 15,[]
102,CENG 4,[]
103,CGS 117,[]
104,CGS 118,[]
106,CGS 108,[]
108,CGS 119,[]
109,CGS 120,[]
110,CGS 2A,[]
117,CHEM 11,[]
123,CHEM 4,[]
130,CHEM 6AH,[]
133,CHEM 6A,[]
136,CHEM 96,[]
137,CHEM 87,[]
138,CHIN 10AD,[]
140,CHIN 10AM,[]
142,CHIN 10AN,[]
146,COGS 1,[]
147,COGS 10,[]
156,COGS 11,[]
161,COGS 13,[]
167,COGS 143,[]
168,COGS 14A,[]
170,COGS 17,[]
171,COGS 15,[]
172,COGS 156,[]
173,COGS 160,[]
175,COGS 174,[]
176,COGS 18,[]
178,COGS 3,[]
180,COGS 87,[]
182,COGS 2,[]
183,COGS 9,[]
184,COGS 8,[]
186,COMM 10,[]
188,COMM 102C,[]
206,COMM 196A,[]
216,CSE 11,[]
236,CSE 193,[]
237,CSE 8A,[]
240,CSE 87,[]
242,CSE 95,[]
243,DSC 10,[]
246,DOC 1,[]
248,DOC 100D,[]
252,DSC 190,[]
258,DSC 96,[]
259,DSGN 1,[]
262,DSGN 160,[]
268,ECE 128A,[]
277,ECE 15,[]
285,ECE 191,[]
291,ECE 25,[]
295,ECE 5,[]
297,ECON 1,[]
314,ECON 191A,[]
316,EDS 110R,[]
317,EDS 124AR,[]
318,ECON 4,[]
319,EDS 115,[]
320,EDS 116,[]
321,EDS 124BR,[]
322,EDS 117,[]
323,EDS 125,[]
324,EDS 126,[]
325,EDS 129A,[]
326,EDS 130,[]
327,EDS 31,[]
328,EDS 150,[]
329,EDS 25,[]
330,EDS 133,[]
331,ENG 15,[]
332,EDS 39,[]
333,EDS 50,[]
336,ENG 10,[]
337,ENG 20,[]
338,ENVR 102,[]
339,ENVR 30,[]
340,ENVR 87,[]
341,ERC 20,[]
343,ESYS 90,[]
344,ETHN 1,[]
346,ETHN 103A,[]
347,ETHN 119,[]
348,ETHN 104,[]
349,ETHN 113,[]
350,ETHN 168,[]
351,ETHN 115,[]
352,ETHN 118,[]
353,ETHN 130,[]
354,ETHN 178,[]
355,FILM 87,[]
358,ETHN 20,[]
363,FMPH 40,[]
364,GLBH 148,[]
365,GLBH 100,[]
369,GLBH 181,[]
370,GLBH 20,[]
371,HDS 175,[]
372,HDS 1,[]
376,HDS 171,[]
378,HIEU 103,[]
379,HDS 60,[]
380,HIAF 111,[]
382,HIAF 113,[]
385,HIEU 106,[]
386,HIEU 139,[]
387,HIEU 127,[]
389,HIEU 144,[]
390,HILA 101,[]
391,HILA 162,[]
392,HIEU 154,[]
393,HIEU 171,[]
395,HILD 10,[]
396,HILD 20R,[]
397,HILD 2A,[]
398,HILD 30,[]
399,HISC 107,[]
400,HILD 7A,[]
401,HINE 119,[]
402,HINE 116,[]
403,HITO 133,[]
404,HITO 192,[]
405,HITO 87,[]
406,HIUS 103,[]
407,HIUS 131,[]
408,HIUS 144,[]
409,HIUS 152A,[]
410,HIUS 158,[]
416,INTL 190H,[]
418,JAPN 10A,[]
420,LATI 180,[]
421,JWSP 104,[]
422,JWSP 1,[]
423,LATI 10,[]
425,LIGN 101,[]
426,LATI 50,[]
427,LIGN 152,[]
430,LIGN 5,[]
431,LIGN 143,[]
432,LIGN 146,[]
433,LIGN 7,[]
435,LIGN 8,[]
436,LIHL 114F,[]
437,LIHL 115F,[]
438,LIHL 117F,[]
439,LIHL 119F,[]
440,LIHL 124F,[]
441,LIHL 132F,[]
442,LIHL 112F,[]
443,LIHL 134F,[]
444,LTCH 101,[]
446,LTAM 110,[]
447,LIHL 137F,[]
448,LTCS 108,[]
449,LTCS 119,[]
450,LTCS 150,[]
451,LTCS 87,[]
452,LTEA 120B,[]
453,LTEN 113,[]
454,LTEN 176,[]
455,LTEN 124,[]
456,LTEN 125,[]
457,LTEA 138,[]
458,LTEN 155,[]
459,LTEN 178,[]
460,LTEN 21,[]
461,LTEN 189,[]
462,LTEN 26,[]
463,LTEN 31,[]
464,LTEU 140,[]
465,LTEU 100,[]
467,LTGK 1,[]
470,LTKO 3,[]
474,LTLA 1,[]
475,LTRU 1A,[]
482,LTSP 2D,[]
483,LTTH 110,[]
485,LTWL 181,[]
486,LTWL 177,[]
487,LTWL 172,[]
488,LTWL 194,[]
489,LTWL 19A,[]
491,LTWR 110,[]
498,LTWR 143,[]
499,LTWR 194,[]
517,MAE 180A,[]
518,MAE 166,[]
521,MAE 190,[]
522,MAE 2,[]
552,MATH 2,[]
559,MATH 31AH,[]
560,MATH 3C,[]
561,MGT 103,[]
567,MGT 12,[]
568,MGT 121A,[]
575,MGT 16,[]
576,MGT 167,[]
577,MGT 162,[]
578,MGT 166,[]
579,MGT 171,[]
580,MGT 164,[]
581,MGT 172,[]
582,MGT 18,[]
583,MGT 173,[]
584,MGT 187,[]
587,MGT 3,[]
588,MGT 4,[]
590,MGT 52,[]
591,MGT 45,[]
592,MMW 121R,[]
593,MMW 11,[]
596,MGT 5,[]
598,MUS 111,[]
599,MUS 114,[]
600,MUS 126,[]
601,MUS 13,[]
603,MUS 171,[]
604,MUS 173,[]
605,MUS 17,[]
606,MUS 15,[]
610,MUS 4,[]
611,MUS 43,[]
612,MUS 2AK,[]
613,MUS 19,[]
614,MUS 1A,[]
615,MUS 5,[]
616,MUS 2A,[]
617,MUS 6,[]
618,MUS 7,[]
619,MUS 8,[]
620,MUS 9,[]
621,MUS 95E,[]
622,MUS 95G,[]
623,MUS 95JC,[]
625,MUS 95W,[]
627,NANO 148,[]
628,NANO 15,[]
630,PHIL 10,[]
631,NANO 4,[]
632,NANO 156,[]
634,PHIL 1,[]
635,PHIL 110,[]
636,PHIL 134,[]
638,PHIL 13,[]
639,PHIL 131,[]
640,PHIL 12,[]
641,PHIL 138,[]
642,PHIL 146,[]
643,PHIL 150,[]
644,PHIL 166,[]
645,PHIL 168,[]
646,PHIL 155,[]
647,PHIL 158,[]
648,PHIL 163,[]
650,PHIL 26,[]
652,PHIL 31,[]
653,PHYS 10,[]
655,PHYS 13,[]
663,PHYS 191,[]
675,PHYS 87,[]
676,PHYS 5,[]
677,POLI 100F,[]
679,POLI 100G,[]
680,POLI 104A,[]
681,POLI 108,[]
682,POLI 110A,[]
683,POLI 118,[]
684,POLI 113A,[]
686,POLI 104M,[]
687,POLI 10D,[]
689,POLI 120E,[]
690,POLI 11D,[]
691,POLI 120G,[]
692,POLI 137A,[]
693,POLI 126,[]
694,POLI 12D,[]
695,POLI 138D,[]
696,POLI 134D,[]
697,POLI 143,[]
698,POLI 142A,[]
699,POLI 146A,[]
701,POLI 191A,[]
702,POLI 149,[]
703,POLI 165,[]
704,POLI 30D,[]
705,PSYC 100,[]
706,PSYC 1,[]
707,POLI 153,[]
708,PSYC 104,[]
709,PSYC 102,[]
710,PSYC 101,[]
711,PSYC 105,[]
713,PSYC 124,[]
714,PSYC 141,[]
715,PSYC 132,[]
716,PSYC 134,[]
717,PSYC 155,[]
719,PSYC 152,[]
720,PSYC 162,[]
721,PSYC 184,[]
722,PSYC 178,[]
723,PSYC 167,[]
724,PSYC 174,[]
725,PSYC 179,[]
726,PSYC 180,[]
727,PSYC 168,[]
728,PSYC 188,[]
729,PSYC 193,[]
730,PSYC 193L,[]
731,PSYC 60,[]
732,PSYC 3,[]
734,PSYC 6,[]
736,PSYC 2,[]
737,PSYC 88,[]
739,RELI 188,[]
740,RELI 1,[]
742,REV 1,[]
744,REV 2,[]
747,SE 1,[]
751,SEV 1,[]
756,SIO 110,[]
761,SIO 12,[]
763,SIO 15,[]
767,SIO 40,[]
769,SIO 60,[]
770,SIO 87,[]
771,SIO 90,[]
773,SIO 30,[]
774,SIO 50,[]
775,SOCI 1,[]
776,SOCI 100,[]
781,SOCI 113,[]
782,SOCI 117,[]
783,SOCI 118,[]
784,SOCI 135,[]
785,SOCI 119,[]
786,SOCI 122,[]
787,SOCI 125,[]
788,SOCI 133,[]
789,SOCI 134,[]
790,SOCI 140,[]
791,SOCI 141,[]
792,SOCI 142,[]
793,SOCI 138,[]
794,SOCI 148,[]
795,SOCI 149,[]
796,SOCI 152,[]
797,SOCI 159,[]
798,SOCI 151,[]
799,SOCI 160,[]
800,SOCI 172,[]
801,SOCI 126,[]
802,SOCI 166,[]
803,SOCI 185,[]
804,SOCI 30,[]
805,TDAC 1,[]
806,SXTH 1,[]
807,SOCI 147,[]
812,SOCI 196A,[]
813,SOCI 60,[]
815,TDDM 1,[]
816,SOCI 175,[]
817,TDDM 5,[]
818,TDDR 101,[]
819,TDAC 122,[]
820,TDGE 10,[]
821,TDDR 108,[]
823,TDGE 1,[]
824,TDGE 11,[]
825,TDGE 125,[]
826,TDHT 101,[]
827,TDHT 107,[]
828,TDGE 25,[]
830,TDGE 87,[]
831,TDDE 1,[]
832,TDHT 10,[]
833,TDHT 21,[]
838,TDMV 138,[]
839,TDMV 142,[]
840,TDMV 143,[]
841,TDMV 1,[]
842,TDMV 2,[]
843,TDPW 1,[]
844,TDTR 15,[]
845,TDMV 3,[]
846,TDPR 6,[]
847,TDMV 20,[]
848,TDTR 10,[]
849,TMC 1,[]
850,TMC 2,[]
851,TMC 20,[]
852,TWS 20,[]
853,USP 1,[]
854,USP 133,[]
855,USP 136,[]
857,USP 124,[]
858,USP 144,[]
859,USP 125,[]
860,USP 151,[]
861,USP 153,[]
862,USP 177A,[]
864,USP 25,[]
865,USP 4,[]
866,USP 5,[]
869,VIS 101,[]
870,VIS 1,[]
871,VIS 103B,[]
875,VIS 110B,[]
878,VIS 110K,[]
880,VIS 121C,[]
881,VIS 127P,[]
882,VIS 128C,[]
883,VIS 124CN,[]
884,VIS 142,[]
885,VIS 131,[]
890,VIS 149,[]
900,VIS 23,[]
902,VIS 30,[]
903,VIS 60,[]
904,VIS 20,[]
906,VIS 41,[]
907,VIS 70N,[]
908,VIS 80,[]
909,WARR 87,[]
911,WCWP 100,[]
912,WCWP 10A,[]
914,WARR 2,[]
916,ANAR 100,[]
917,ANSC 105,[]
918,ANSC 138,[]
919,ANAR 144,[]
920,ANSC 166,[]
921,AWP 1,[]
922,AWP 10,[]
923,BICD 136,[]
924,ANTH 102,[]
928,CGS 101,[]
930,CGS 114,[]
932,COGS 154,[]
939,COGS 20,[]
941,CSE 5A,[]
942,CSE 190,[]
944,ECE 180,[]
946,ETHN 103,[]
947,ETHN 152,[]
949,ETHN 124,[]
950,GLBH 101,[]
951,HIEU 152,[]
952,ETHN 163J,[]
953,HILA 113,[]
955,GLBH 105,[]
957,HILD 14,[]
958,HILD 2C,[]
959,HIUS 125,[]
960,HUM 4,[]
961,HISC 119,[]
962,HITO 156,[]
963,HIUS 117,[]
964,HIUS 148,[]
965,HISC 109,[]
966,LTAF 120,[]
967,HUM 5,[]
969,LTCS 102,[]
970,LAWS 101,[]
973,LTEA 120A,[]
974,LTEN 181,[]
979,MUS 14,[]
981,MMW 122,[]
982,MGT 119,[]
984,MUS 80,[]
985,MUS 20,[]
986,PHIL 164,[]
987,POLI 104I,[]
988,PHIL 137,[]
989,POLI 10,[]
990,PHYS 9,[]
991,POLI 100B,[]
992,PHIL 173,[]
994,POLI 142K,[]
995,POLI 130B,[]
996,POLI 11,[]
997,POLI 117R,[]
998,POLI 154,[]
999,POLI 160AA,[]
1000,POLI 126AB,[]
1001,POLI 127,[]
1002,PSYC 106,[]
1004,POLI 5,[]
1005,PSYC 114,[]
1006,PSYC 131,[]
1008,POLI 30,[]
1010,PSYC 148,[]
1011,PSYC 153,[]
1012,PSYC 158,[]
1013,PSYC 191,[]
1014,PSYC 172,[]
1016,PSYC 181,[]
1017,PSYC 190,[]
1018,PSYC 154,[]
1021,RELI 149,[]
1025,SE 150,[]
1026,SIO 109R,[]
1027,SOCI 2,[]
1028,SIO 45,[]
1030,SOCI 131,[]
1031,SOCI 132,[]
1032,SOCI 157,[]
1033,SOCI 40,[]
1034,SOCI 121,[]
1035,VIS 152D,[]
1037,TDGE 124,[]
1038,ANBI 173,[]
1039,ANSC 129,[]
1040,TDMV 5,[]
1041,ANSC 156,[]
1042,VIS 127B,[]
1043,ANTH 1,[]
1044,ANTH 3,[]
1046,BILD 12,[]
1048,ANTH 43,[]
1050,CAT 124,[]
1052,CGS 112,[]
1053,CHEM 12,[]
1055,COGS 153,[]
1058,COGS 177,[]
1062,EDS 112,[]
1067,ETHN 102,[]
1068,ETHN 101,[]
1069,ETHN 127,[]
1070,ETHN 116,[]
1071,ETHN 182,[]
1072,GLBH 129,[]
1073,ETHN 142,[]
1074,HISC 105,[]
1075,HIEU 102A,[]
1076,HIEA 132,[]
1077,HIEU 128,[]
1078,HILD 7B,[]
1081,LTCS 165,[]
1082,HITO 126,[]
1083,LTEA 120C,[]
1085,LTEN 148,[]
1086,LTEN 159,[]
1087,LTEN 185,[]
1088,PHIL 145,[]
1089,PHIL 16,[]
1090,PHIL 165,[]
1091,PHIL 32,[]
1092,MUS 116,[]
1093,MMW 121,[]
1094,PHIL 136,[]
1095,PHIL 162,[]
1098,POLI 102C,[]
1099,POLI 100A,[]
1100,POLI 100O,[]
1101,POLI 103A,[]
1102,POLI 110B,[]
1103,POLI 12,[]
1104,POLI 115A,[]
1105,POLI 13,[]
1106,PSYC 122,[]
1107,PSYC 4,[]
1108,POLI 142P,[]
1109,POLI 130AA,[]
1110,PSYC 137,[]
1111,PSYC 144,[]
1112,PSYC 169,[]
1113,POLI 145C,[]
1115,SOCI 139,[]
1117,SIO 139,[]
1118,SIO 10,[]
1119,SOCI 171,[]
1120,SOCI 184,[]
1121,SOCI 160E,[]
1122,USP 109,[]
1123,USP 170,[]
1124,TDGE 127,[]
1125,USP 173,[]
1126,USP 2,[]
1127,USP 3,[]
1128,VIS 103,[]
1130,VIS 122AN,[]
1131,VIS 125C,[]
1132,VIS 128D,[]
1133,VIS 130,[]
1134,ANSC 139,[]
1135,ANSC 140,[]
1136,ANBI 100,[]
1137,ANBI 132,[]
1138,VIS 21B,[]
1139,ANAR 164,[]
1140,ANAR 166,[]
1141,ANBI 159,[]
1142,ANTH 103,[]
1143,ANSC 165,[]
1144,ANSC 184,[]
1145,ANSC 194,[]
1147,ANTH 110,[]
1148,ANSC 147,[]
1163,BENG 91,[]
1166,BICD 123,[]
1169,BILD 22,[]
1172,BILD 42,[]
1175,BILD 7,[]
1177,BIPN 144,[]
1180,CAT 125,[]
1185,CENG 175,[]
1188,CGS 111,[]
1189,CGS 113,[]
1193,CGS 2B,[]
1196,CGS 87,[]
1224,COGS 112,[]
1227,COGS 163,[]
1228,COGS 12,[]
1229,COGS 155,[]
1231,COGS 164,[]
1250,CSE 145,[]
1252,CSE 125,[]
1258,CSE 198,[]
1260,CSE 3,[]
1284,ECE 189,[]
1288,ECON 100CH,[]
1292,EDS 113,[]
1296,ECON 5,[]
1297,EDS 118,[]
1299,EDS 136,[]
1301,ENVR 140,[]
1302,EDS 87,[]
1303,ENVR 110,[]
1304,ESYS 10,[]
1307,ETHN 106,[]
1308,ESYS 190B,[]
1310,ETHN 143,[]
1313,ETHN 128,[]
1315,ETHN 3,[]
1316,ETHN 179,[]
1318,ETHN 189,[]
1319,GLBH 139,[]
1322,GLBH 141,[]
1323,GLBH 147,[]
1324,HIAF 112,[]
1326,HDS 98,[]
1328,HIAF 161,[]
1331,HIEA 131,[]
1333,HIEA 129,[]
1334,HIEA 122,[]
1335,HIEA 144,[]
1336,HIEA 171,[]
1337,HIEU 104,[]
1338,HIEU 108,[]
1339,HILA 122,[]
1340,HILA 132,[]
1341,HILA 144,[]
1342,HILD 12,[]
1343,HILD 7C,[]
1344,HIEU 156,[]
1345,HIEU 140,[]
1346,HIEU 161,[]
1347,HINE 100,[]
1348,HINE 118,[]
1349,HINE 127,[]
1350,HIUS 133,[]
1351,HIUS 130,[]
1352,HITO 155,[]
1355,HIUS 152B,[]
1356,HMNR 101,[]
1357,HUM 2,[]
1367,LIGN 165,[]
1371,LIHL 112P,[]
1372,LIHL 114P,[]
1373,LIHL 115P,[]
1374,LIHL 117P,[]
1375,LIHL 124P,[]
1376,LIHL 132P,[]
1377,LIHL 134P,[]
1378,LIHL 137P,[]
1379,LTEN 149,[]
1380,LTCS 133,[]
1381,LTEA 132,[]
1382,LTEA 144,[]
1383,LTEN 142,[]
1384,LTCS 111,[]
1385,LTEN 150,[]
1386,LTEN 152,[]
1387,LTEU 150C,[]
1391,LTEN 23,[]
1392,LTEN 29,[]
1397,LTIT 50,[]
1398,LTKO 100,[]
1405,LTWL 192,[]
1410,LTWR 148,[]
1417,MAE 124,[]
1423,MAE 184,[]
1442,MATH 87,[]
1443,MATH 95,[]
1448,MGT 158,[]
1449,MGT 128R,[]
1450,MGT 175,[]
1452,MGT 117,[]
1453,MUS 11,[]
1454,MUS 12,[]
1457,MUS 127,[]
1459,MUS 130,[]
1461,MUS 152,[]
1467,MUS 175,[]
1469,MUS 95C,[]
1470,MUS 95K,[]
1477,MUS 95L,[]
1479,PHIL 130,[]
1483,NANO 175,[]
1484,PHIL 102,[]
1486,PHIL 177,[]
1487,PHIL 33,[]
1488,PHIL 139,[]
1489,PHIL 148,[]
1490,PHIL 161,[]
1491,PHIL 170,[]
1492,PHIL 181,[]
1496,PHYS 177,[]
1502,POLI 100M,[]
1503,PHYS 8,[]
1505,POLI 104D,[]
1506,POLI 104P,[]
1507,POLI 110C,[]
1508,POLI 110T,[]
1509,POLI 120D,[]
1510,POLI 113C,[]
1511,POLI 111D,[]
1512,POLI 120H,[]
1513,POLI 122,[]
1514,POLI 125,[]
1515,POLI 142I,[]
1516,POLI 140D,[]
1517,POLI 144F,[]
1518,POLI 142D,[]
1519,POLI 150A,[]
1521,POLI 5D,[]
1525,PSYC 117,[]
1526,PSYC 108,[]
1528,PSYC 129,[]
1529,PSYC 176,[]
1530,PSYC 185,[]
1531,PSYC 7,[]
1534,RELI 3,[]
1556,SIO 166,[]
1557,SIO 16R,[]
1559,SOCI 10,[]
1560,SIO 181,[]
1561,SOCI 104Q,[]
1564,SIO 190,[]
1565,SOCI 136F,[]
1567,SOCI 153,[]
1568,SOCI 112,[]
1569,SOCI 146,[]
1570,SOCI 144,[]
1571,SOCI 158,[]
1572,SOCI 164,[]
1573,SOCI 168E,[]
1574,SOCI 183,[]
1575,SOCI 50,[]
1576,SOCI 187,[]
1577,SOCI 20,[]
1583,TDGE 100,[]
1585,TDGE 133,[]
1589,TDHT 104,[]
1590,TDHT 110,[]
1591,TDHT 23,[]
1599,TWS 21,[]
1600,USP 100,[]
1602,USP 137,[]
1603,USP 15,[]
1604,USP 150,[]
1606,USP 160,[]
1607,TDPF 162,[]
1608,USP 152,[]
1609,USP 172,[]
1610,USP 180,[]
1612,USP 105,[]
1613,USP 145,[]
1614,USP 189,[]
1615,VIS 10,[]
1617,VIS 102,[]
1618,VIS 103A,[]
1620,VIS 110I,[]
1622,VIS 110H,[]
1624,VIS 117F,[]
1625,USP 171,[]
1626,USP 190,[]
1628,VIS 124E,[]
1632,VIS 126I,[]
1633,VIS 159,[]
1641,VIS 21A,[]
1642,WCWP 160,[]
1644,VIS 121B,[]
1645,ANAR 154,[]
1646,VIS 22,[]
1647,VIS 3,[]
1648,ANAR 104,[]
1649,ANAR 158,[]
1650,ANBI 116,[]
1651,ANBI 140,[]
1652,ANSC 101,[]
1653,ANSC 125,[]
1654,ANSC 149,[]
1655,ANSC 150,[]
1657,ANBI 144,[]
1658,ANSC 173,[]
1659,ANSC 188,[]
1660,ANSC 190,[]
1661,ANTH 106,[]
1662,ANSC 191,[]
1663,ANSC 193,[]
1664,ANTH 111,[]
1665,ANTH 5,[]
1666,AWP 2A,[]
1668,BENG 1,[]
1689,BENG 87,[]
1690,BILD 38,[]
1691,BILD 87,[]
1693,BIMM 116B,[]
1698,BIMM 164,[]
1703,CCS 101,[]
1710,CGS 105,[]
1712,CGS 106,[]
1716,CHEM 1,[]
1734,CHEM 194,[]
1739,CHIN 169A,[]
1744,COGS 111,[]
1745,COGS 151,[]
1764,CSS 1,[]
1767,DOC 2,[]
1769,CSE 191,[]
1777,ECE 128B,[]
1786,ECE 150,[]
1789,ECON 100BH,[]
1790,ECE 87,[]
1793,ECON 120BH,[]
1795,ECON 110BH,[]
1804,EDS 111,[]
1805,EDS 119,[]
1806,EDS 135,[]
1807,EDS 114,[]
1808,EDS 137,[]
1809,EDS 30,[]
1811,EDS 23,[]
1812,ENG 100B,[]
1813,ERC 2,[]
1814,ENVR 120,[]
1815,ERC 192A,[]
1818,ETHN 163F,[]
1819,ETHN 2,[]
1820,ETHN 185,[]
1821,ETHN 177,[]
1822,ETHN 121,[]
1823,ETHN 163E,[]
1824,ETHN 184,[]
1827,GLBH 142,[]
1828,GLBH 150,[]
1830,GLBH 150A,[]
1831,GLBH 160,[]
1832,GLBH 171R,[]
1834,HIEA 155,[]
1835,HIEU 183,[]
1836,HIEU 151,[]
1837,HILA 100,[]
1838,HILA 103,[]
1839,HILA 121B,[]
1840,HIEA 115,[]
1842,HILD 11,[]
1843,HILD 2B,[]
1844,HINE 171,[]
1845,HINE 109,[]
1847,HISC 117,[]
1848,HINE 186,[]
1849,HISC 106,[]
1850,HITO 119,[]
1852,HIUS 104,[]
1853,HMNR 100,[]
1854,HUM 1,[]
1860,JAPN 190,[]
1864,LIGN 119,[]
1867,LIGN 17,[]
1868,LIGN 6,[]
1870,LIHL 112W,[]
1871,LIGN 171,[]
1872,LIHL 114W,[]
1873,LIGN 176,[]
1874,LIHL 119W,[]
1875,LIHL 117W,[]
1876,LIHL 124W,[]
1877,LIHL 115W,[]
1878,LIHL 132W,[]
1879,LIHL 134W,[]
1880,LTCS 52,[]
1881,LTEA 141,[]
1882,LTEN 112,[]
1883,LTEN 158,[]
1884,LTEN 22,[]
1885,LTEN 144,[]
1886,LTEN 27,[]
1887,LTEN 192,[]
1888,LTEN 25,[]
1889,LTEN 127,[]
1891,LTEU 105,[]
1905,LTTH 115,[]
1906,LTWL 100,[]
1908,LTWL 184,[]
1910,LTWL 114,[]
1912,LTWL 155,[]
1913,LTWL 87,[]
1915,LTWR 140,[]
1918,MAE 154,[]
1923,MAE 145,[]
1927,MAE 5,[]
1928,MAE 93,[]
1929,MAE 7,[]
1931,MAE 181,[]
1945,MGT 127,[]
1951,MUS 113,[]
1956,MUS 95D,[]
1964,PHIL 105,[]
1966,PHIL 101,[]
1969,PHIL 115,[]
1970,PHIL 141,[]
1972,PHIL 14,[]
1973,PHIL 15,[]
1974,PHIL 152,[]
1975,PHIL 160,[]
1976,PHIL 175,[]
1977,PHIL 35,[]
1978,PHIL 151,[]
1979,PHIL 183,[]
1981,PHIL 87,[]
1986,PHYS 141,[]
1987,PHYS 12,[]
1991,PHYS 178,[]
1992,POLI 100E,[]
1993,POLI 100I,[]
1994,PHYS 7,[]
1995,POLI 100W,[]
1997,POLI 102D,[]
1998,POLI 102G,[]
1999,POLI 100C,[]
2000,POLI 117,[]
2001,POLI 129,[]
2002,POLI 104B,[]
2003,POLI 104N,[]
2004,POLI 113B,[]
2005,POLI 125D,[]
2006,POLI 120A,[]
2007,POLI 120B,[]
2008,POLI 132,[]
2009,POLI 137,[]
2010,POLI 134,[]
2011,POLI 136,[]
2012,POLI 13D,[]
2013,POLI 134J,[]
2014,POLI 163,[]
2015,POLI 164,[]
2016,POLI 147B,[]
2017,POLI 179,[]
2020,POLI 197SD,[]
2021,PSYC 110,[]
2023,PSYC 143,[]
2025,PSYC 161,[]
2027,PSYC 111A,[]
2028,PSYC 125,[]
2029,PSYC 164,[]
2030,PSYC 187,[]
2032,RELI 2,[]
2036,RELI 101,[]
2037,RELI 87,[]
2038,REV 16,[]
2044,SIO 1,[]
2045,SE 131A,[]
2051,SIO 109,[]
2052,SIO 116,[]
2063,SIO 20,[]
2065,SIO 25,[]
2066,SIO 3,[]
2067,SIO 35,[]
2068,SOCI 120T,[]
2069,SOCI 124,[]
2070,SOCI 156,[]
2071,SOCI 162,[]
2072,SOCI 115,[]
2073,SOCI 140K,[]
2074,SOCI 167,[]
2075,SOCI 145,[]
2076,SOCI 188D,[]
2077,SOCI 188E,[]
2078,SOCI 70,[]
2079,SOCI 180,[]
2081,SOCI 168,[]
2084,TDDE 151,[]
2086,TDGE 131,[]
2088,TDHT 22,[]
2089,TDMV 11,[]
2090,TDPF 163,[]
2091,TDHT 108,[]
2092,TDPF 161,[]
2094,TDTR 104,[]
2095,TDTR 20,[]
2096,TMC 15,[]
2097,USP 138,[]
2098,USP 131,[]
2099,USP 141A,[]
2100,TWS 22,[]
2101,USP 143,[]
2102,USP 159A,[]
2103,USP 161,[]
2104,USP 175,[]
2105,USP 181,[]
2107,USP 179,[]
2109,VIS 100,[]
2110,USP 50,[]
2111,USP 193,[]
2113,VIS 110M,[]
2115,VIS 108,[]
2116,VIS 11,[]
2117,VIS 122D,[]
2118,VIS 112,[]
2119,VIS 124F,[]
2120,VIS 125BN,[]
2121,VIS 126AN,[]
2124,VIS 132,[]
2131,AIP 197DC,[]
2132,VIS 84,[]
2134,ANAR 116,[]
2135,VIS 2,[]
2136,ANBI 143,[]
2137,ANSC 104,[]
2138,ANBI 131,[]
2140,ANSC 154,[]
2141,ANSC 118,[]
2142,ANSC 169,[]
2143,ANSC 119,[]
2144,ANSC 120,[]
2145,ANSC 131,[]
2146,ANSC 137,[]
2152,CAT 87,[]
2153,CENG 15R,[]
2170,CSE 151,[]
2171,CSE 154,[]
2172,CSE 42,[]
2174,ECON 109T,[]
2175,ECON 100AH,[]
2176,ECE 188,[]
2177,EDS 131,[]
2180,ERC 1,[]
2182,ETHN 112C,[]
2183,ETHN 108,[]
2184,ETHN 112B,[]
2185,ETHN 183,[]
2186,ETHN 109,[]
2188,ETHN 161,[]
2189,ETHN 125,[]
2190,HIEU 109,[]
2192,HIEU 138,[]
2193,HIEA 190M,[]
2194,HIEU 102,[]
2195,HIEU 122,[]
2196,HIEU 160,[]
2197,HILA 123,[]
2198,HINE 111,[]
2199,HISC 115,[]
2200,HIUS 108B,[]
2203,HIUS 142B,[]
2204,HIUS 124,[]
2205,HIUS 156,[]
2206,HUM 119,[]
2208,LIGN 144,[]
2210,LTCS 110,[]
2211,HIUS 168,[]
2212,LIGN 155,[]
2213,LTCS 170,[]
2214,LTEN 154,[]
2215,LTEN 87,[]
2216,LTEN 28,[]
2218,LTEN 140,[]
2219,LTGM 100,[]
2220,LTEU 141,[]
2221,LTEA 110C,[]
2222,LTWL 150,[]
2227,LTRU 150,[]
2228,LTWL 116,[]
2229,LTWL 176,[]
2230,LTWL 183,[]
2231,MAE 140,[]
2241,MGT 129,[]
2242,MUIR 1,[]
2243,MUIR 2,[]
2247,MUS 87,[]
2248,NANO 108,[]
2249,NANO 15R,[]
2250,MUS 151,[]
2252,PHIL 100,[]
2253,PHIL 108,[]
2255,PHIL 132,[]
2256,PHIL 167,[]
2257,PHIL 169,[]
2258,PHIL 149,[]
2259,POLI 100H,[]
2262,POLI 104G,[]
2263,PHIL 50,[]
2264,POLI 112A,[]
2265,POLI 100V,[]
2266,POLI 122D,[]
2267,POLI 130,[]
2268,POLI 130G,[]
2269,POLI 135,[]
2270,POLI 142J,[]
2271,POLI 144D,[]
2272,POLI 87,[]
2273,POLI 142M,[]
2276,PSYC 145,[]
2277,PSYC 166,[]
2279,SE 121A,[]
2281,RELI 144,[]
2284,SOCI 114,[]
2285,SOCI 123,[]
2286,SOCI 165,[]
2287,SOCI 178,[]
2288,SOCI 87,[]
2289,SOCI 173,[]
2290,SOCI 137,[]
2292,TDGE 5,[]
2293,VIS 110D,[]
2294,TDMV 123,[]
2295,SXTH 20A,[]
2296,TDHT 114,[]
2297,USP 177,[]
2298,VIS 110C,[]
2299,SXTH 2,[]
2300,VIS 128A,[]
2301,VIS 127C,[]
2302,VIS 125G,[]
2303,VIS 122CN,[]
2306,VIS 158,[]
2308,WARR 1,[]
2310,COGS 171GS,[]
2311,ANBI 135,[]
2312,ANAR 135S,[]
2314,COGS 174GS,[]
2317,HITO 156GS,[]
2318,HUM 3GS,[]
2319,MAE 130A,[]
2320,HIEU 137,[]
2321,MAE 130B,[]
2322,ETHN 110,[]
2323,HIUS 149,[]
2324,MAE 130C,[]
2325,POLI 120N,[]
2326,MGT 164GS,[]
2327,MGT 18GS,[]
2328,PSYC 142,[]
2329,MATH 130A,[]
2330,RELI 157GS,[]
2331,RELI 158GS,[]
2332,TDHT 105,[]
2333,ANAR 117,[]
2334,BILD 18,[]
2335,COGS 143GS,[]
2338,CSE 7,[]
2339,ENVR 142GS,[]
2340,ETHN 112A,[]
2341,ETHN 131,[]
2342,HIEU 121GS,[]
2343,HIEU 124GS,[]
2344,HIUS 125GS,[]
2345,HIEU 136B,[]
2346,HITO 160GS,[]
2347,HIUS 143GS,[]
2348,HIUS 159,[]
2349,HIUS 108A,[]
2350,HIEU 151GS,[]
2351,HILA 114,[]
2352,LTEN 157,[]
2353,HUM 4GS,[]
2355,LTCS 173,[]
2356,MATH 110A,[]
2357,LIGN 149GS,[]
2358,LIGN 9GS,[]
2359,LTEN 120,[]
2362,POLI 126AA,[]
2363,POLI 145A,[]
2364,POLI 133G,[]
2365,POLI 140A,[]
2366,POLI 133A,[]
2368,PSYC 181GS,[]
2370,PSYC 147,[]
2371,TDDE 169A,[]
2372,SIO 10GS,[]
2373,PSYC 182,[]
2374,SIO 170GS,[]
2375,PSYC 186GS,[]
2376,ANBI 130,[]
2377,ANAR 115,[]
2378,ANBI 139,[]
2379,ANAR 155,[]
2381,TDGE 125GS,[]
2382,ANAR 114,[]
2383,ANBI 174,[]
2384,ANSC 106,[]
2385,ANSC 114,[]
2387,ANSC 187,[]
2388,ANTH 44,[]
2389,ANTH 192,[]
2392,SOCI 118E,[]
2394,CHEM 127,[]
2395,CHEM 126,[]
2398,CHEM 93,[]
2409,CSE 176E,[]
2410,ECE 154C,[]
2413,HDP 1,[]
2414,ECON 120CH,[]
2415,ETHN 129,[]
2416,ETHN 120D,[]
2417,ETHN 122,[]
2419,HDP 122,[]
2420,HDP 171,[]
2421,HDP 175,[]
2422,HDP 181,[]
2423,HDP 191,[]
2424,HDP 98,[]
2425,HIEA 133,[]
2426,HINE 115,[]
2428,ERC 192,[]
2430,HISC 108,[]
2431,HIUS 120D,[]
2432,HIUS 135,[]
2433,HDP 120,[]
2434,HIUS 180,[]
2435,HDP 150,[]
2436,HIUS 181,[]
2437,HISC 131,[]
2439,LIGN 177,[]
2440,LIGN 4,[]
2441,JUDA 3,[]
2443,LIHL 119P,[]
2444,LTEA 110A,[]
2445,LTEA 143,[]
2448,LTGM 132,[]
2451,LTWL 106,[]
2452,LTWL 138,[]
2453,LTCS 130,[]
2455,MAE 198,[]
2456,LTWL 160,[]
2457,LTWL 19C,[]
2459,MATH 184A,[]
2463,MUS 143,[]
2467,PHIL 25,[]
2471,PHYS 142,[]
2474,POLI 131C,[]
2475,POLI 168,[]
2476,REV 12,[]
2478,SE 131,[]
2480,SOCI 130,[]
2481,SIO 16,[]
2485,SOCI 143,[]
2489,TDHT 119,[]
2491,TMC 87,[]
2492,TWS 25,[]
2493,USP 135,[]
2494,VIS 113CN,[]
2495,POLI 194,[]
2496,USP 147,[]
2499,ANAR 153,[]
2500,VIS 122B,[]
2501,ANAR 124,[]
2502,VIS 126BN,[]
2503,ANSC 136,[]
2504,ANSC 143,[]
2505,ANSC 151,[]
2506,ANSC 159,[]
2507,ANSC 183,[]
2508,ANSC 192,[]
2522,ECON 110AH,[]
2523,ECE 154B,[]
2525,CSE 150,[]
2526,DSGN 90,[]
2530,ENVR 141,[]
2532,ETHN 117,[]
2533,ERC 87,[]
2534,GLBH 143,[]
2535,ETHN 139,[]
2536,ETHN 155,[]
2537,HDP 110,[]
2538,HIEA 124,[]
2539,HIEU 107,[]
2540,HIEU 158,[]
2541,HILA 118,[]
2542,HILA 124A,[]
2544,HDP 133,[]
2546,LTEA 142,[]
2547,JUDA 2,[]
2548,LATI 122A,[]
2551,LIGN 174,[]
2552,LTCS 131,[]
2553,LTEN 107,[]
2554,LTWL 180,[]
2555,LTWL 19B,[]
2556,LTEN 110,[]
2558,LTWL 128,[]
2559,LTEN 153,[]
2560,MAE 125,[]
2567,MATH 190,[]
2569,NANO 1,[]
2571,PHIL 107,[]
2572,POLI 100DA,[]
2573,POLI 100J,[]
2574,POLI 114B,[]
2575,POLI 120C,[]
2576,POLI 102J,[]
2577,POLI 104L,[]
2578,POLI 120I,[]
2579,POLI 130AD,[]
2580,POLI 124,[]
2581,PSYC 138,[]
2582,SE 121B,[]
2584,POLI 142L,[]
2588,SIO 164,[]
2589,SIO 192,[]
2590,SOCI 179,[]
2592,SOCI 116,[]
2593,SOCI 181,[]
2597,VIS 126E,[]
2598,VIS 117E,[]
2599,VIS 126HN,[]
2600,VIS 121AN,[]
2601,VIS 110E,[]
2602,VIS 127N,[]
2603,ANAR 113,[]
2604,ANSC 146,[]
2605,ANSC 175,[]
2607,ANSC 100,[]
2609,BIEB 156,[]
2614,CGS 190,[]
2621,CSE 91,[]
2625,ETHN 123,[]
2626,ETHN 190,[]
2627,ETHN 151,[]
2628,HDP 121,[]
2629,GLBH 146,[]
2632,HINE 114,[]
2633,HDP 111,[]
2634,HISC 116,[]
2637,HIUS 137,[]
2638,LTCS 50,[]
2639,JUDA 1,[]
2640,JUDA 101,[]
2641,LTEN 175A,[]
2642,LIGN 179,[]
2645,LTEU 150A,[]
2647,LTGM 101,[]
2649,LTWL 158A,[]
2650,LTRU 110A,[]
2656,SOCI 170,[]
2657,POLI 105A,[]
2658,POLI 151,[]
2660,SOCI 127,[]
2661,SOCI 129,[]
2662,SOCI 176,[]
2663,SOCI 182,[]
2665,TDHT 109,[]
2667,USP 140,[]
2668,TDGE 89,[]
2669,VIS 110G,[]
2670,USP 101,[]
2671,VIS 120B,[]
2672,USP 129,[]
2674,TWS 21GS,[]
2675,ANSC 105GS,[]
2676,LTWL 180GS,[]
2677,HIEU 135GS,[]
2678,ETHN 132,[]
2679,ANSC 125GS,[]
2680,EDS 20S,[]
2683,PSYC 157,[]
2685,PSYC 130,[]
2689,ERC 190GS,[]
2690,HIEA 130,[]
2692,HIEU 117GS,[]
2693,HIUS 126,[]
2695,LTAM 140,[]
2696,LTWL 110B,[]
2697,LTWL 172GS,[]
2698,LTWL 175GS,[]
2699,MUS 150GS,[]
2700,MUS 8GS,[]
2701,POLI 119A,[]
2703,PHIL 164GS,[]
2704,PSYC 193GS,[]
2706,SIO 46GS,[]
2707,USP 173GS,[]
2708,ANAR 143,[]
2709,ANAR 156,[]
2710,USP 183GS,[]
2711,ANSC 185,[]
2712,BIMM 171B,[]
2713,ANAR 180,[]
2716,COMM 102D,[]
2717,CHEM 182,[]
2719,CHEM 13,[]
2725,ETHN 111,[]
2727,ETHN 149,[]
2728,GLBH 113,[]
2729,ETHN 120,[]
2730,HIEU 164,[]
2731,HIEU 123,[]
2732,HINE 126,[]
2733,HITO 114,[]
2734,HIUS 151,[]
2735,HITO 178,[]
2736,HIUS 139,[]
2738,HISC 110,[]
2739,HIUS 186,[]
2740,ICAM 160B,[]
2741,LTGM 130,[]
2742,LTTH 150,[]
2744,MAE 92A,[]
2746,MGT 174,[]
2748,MAE 87,[]
2749,POLI 134AA,[]
2750,POLI 140C,[]
2752,POLI 144,[]
2753,PSYC 116,[]
2754,PSYC 123,[]
2755,PSYC 87,[]
2756,RELI 151,[]
2757,SOCI 111,[]
2760,TDGE 192,[]
2762,SOCI 169,[]
2763,SOCI 189,[]
2764,TDMV 140,[]
2765,VIS 113BN,[]
2766,VIS 120A,[]
2767,VIS 126P,[]
2770,VIS 129D,[]
2771,ANAR 138,[]
2772,ANAR 184,[]
2773,ANBI 133,[]
2774,ANBI 120,[]
2775,ANSC 142,[]
2776,ANSC 178,[]
2785,CONT 150A,[]
2787,HIEA 150,[]
2788,ETHN 166,[]
2789,HIEU 116C,[]
2790,HISC 176,[]
2791,HIUS 157,[]
2793,HIUS 188,[]
2794,ICAM 160A,[]
2795,LTEA 110B,[]
2796,LTEU 154,[]
2797,LTIT 115,[]
2799,LTEN 138,[]
2801,LTWL 157,[]
2802,MATH 110B,[]
2804,PHYS 192,[]
2805,POLI 125B,[]
2806,PHIL 185,[]
2808,POLI 103B,[]
2809,LTWL 158C,[]
2810,RELI 134,[]
2812,SOCI 136E,[]
2814,SOCI 150,[]
2815,POLI 143A,[]
2816,SOCI 148E,[]
2817,SOCI 187E,[]
2818,SOCI 188K,[]
2819,SOCI 188I,[]
2820,TDGE 122,[]
2821,USP 120,[]
2822,ANBI 145,[]
2823,SOCI 188M,[]
2824,VIS 110A,[]
2825,USP 113,[]
2826,VIS 127A,[]
2827,ANSC 177,[]
2828,ANBI 148,[]
2830,ENG 1,[]
2831,ETHN 105,[]
2833,BILD 26,[]
2834,BIMM 171,[]
2835,BIMM 171A,[]
2837,HIEU 178,[]
2838,LTEU 158,[]
2839,HIEU 120,[]
2840,ETHN 160,[]
2841,HIUS 150,[]
2842,LIGN 150,[]
2843,ETHN 141,[]
2844,HDP 160,[]
2845,MAE 110A,[]
2846,LTWL 136,[]
2847,LTRU 123,[]
2848,MUS 16,[]
2850,POLI 131,[]
2852,POLI 102L,[]
2854,SOCI 188G,[]
2855,SOCI 163,[]
2856,USP 104,[]
2857,TWS 24,[]
2859,VIS 124D,[]
2860,LTWR 4,[]
2861,CHEM 140A,[]
2862,CHEM 140B,[]
2863,CHEM 140C,[]
2864,CONT 1S,[]
2866,HIEU 152GS,[]
2867,HILA 124,[]
2868,LTCS 110GS,[]
2869,LTCS 111GS,[]
2870,ELWR 1,[]
2871,POLI 142Q,[]
2872,CHEM 143A,[]
2873,CSE 80,[]
2874,CGS 102,[]
2875,POLI 121,[]
2876,EDS 117GS,[]
2877,EDS 115GS,[]
2879,HIEA 126,[]
2880,HILD 7GS,[]
2881,HIUS 123,[]
2882,HILA 126,[]
2883,LTEN 180,[]
2884,LTEN 132,[]
2885,HITO 115GS,[]
2886,POLI 103GS,[]
2887,POLI 120GS,[]
2888,POLI 120P,[]
2889,SIO 45GS,[]
2890,POLI 142N,[]
2891,POLI 162,[]
2892,ANSC 182,[]
2893,ANAR 165,[]
2894,SOCI 188GS,[]
2895,BENG 192,[]
2903,COGS 171,[]
2904,CHEM 140CH,[]
2905,ELWR 2A,[]
2906,ETHN 140,[]
2907,ELWR 2B,[]
2908,ENG 100E,[]
2909,ENG 2,[]
2910,ETHN 136,[]
2911,ETHN 164,[]
2912,ETHN 174,[]
2913,FPMU 130,[]
2915,FPMU 110,[]
2916,FPMU 120,[]
2917,FPMU 101,[]
2918,FPMU 102,[]
2921,HINE 145,[]
2922,LTCS 141,[]
2923,LTCS 132,[]
2924,LTEN 130,[]
2925,LTEN 188,[]
2926,ICAM 110,[]
2927,LTEN 156,[]
2929,LTEU 150B,[]
2930,LTRU 110B,[]
2931,LTWL 145,[]
2932,LTWL 158B,[]
2934,MUS 131,[]
2935,POLI 104E,[]
2936,MUS 153,[]
2938,PHIL 90,[]
2939,POLI 110H,[]
2940,POLI 136A,[]
2941,SIO 114,[]
2943,TDCH 147,[]
2944,TDGE 3,[]
2945,PSYC 90,[]
2946,TDHD 173,[]
2948,USP 121,[]
2949,USP 167,[]
2950,VIS 117I,[]
2951,VIS 125A,[]
2952,VIS 126Q,[]
2953,VIS 129H,[]
2954,ANBI 146,[]
2956,ANBI 111,[]
2959,ANSC 135,[]
2960,CGS 103,[]
2963,CHEM 140BH,[]
2964,ECON 173AL,[]
2965,EDS 22,[]
2967,ETHN 188,[]
2968,ETHN 126,[]
2969,FPMU 87,[]
2971,FMPH 180B,[]
2972,FPMU 40,[]
2973,HINE 102,[]
2974,HIEU 172,[]
2975,HISC 173,[]
2976,HIUS 174,[]
2977,LTEN 174,[]
2979,LTEN 175B,[]
2980,LIGN 105,[]
2981,LTEN 183,[]
2982,LTEA 140,[]
2983,LTWL 135,[]
2984,LTWL 168,[]
2985,MATH 130B,[]
2986,MATH 187,[]
2988,LTWL 120,[]
2989,LTWL 143,[]
2990,LTWL 165,[]
2991,MUS 112,[]
2992,MUS 127A,[]
2993,POLI 133J,[]
2994,PSYC 192,[]
2995,REV 110H,[]
2997,SIO 130,[]
2998,MUS 133,[]
3000,TDCH 140,[]
3001,TDHD 172,[]
3002,TDTR 101,[]
3003,TDHT 120,[]
3004,VIS 111,[]
3005,USP 132,[]
3006,VIS 127I,[]
3007,VIS 129G,[]
3008,BENG 191,[]
3009,CGS 100,[]
3010,CENG 1,[]
3011,ANSC 176,[]
3012,ANSC 181,[]
3013,CGS 180,[]
3014,CHEM 192,[]
3018,ECON 120AH,[]
3021,ESYS 87,[]
3022,HIEA 152,[]
3023,FPMU 180A,[]
3024,HIEU 142,[]
3025,HITO 104,[]
3026,HIEU 148,[]
3027,HINE 131,[]
3028,ICAM 120,[]
3029,JUDA 87,[]
3030,MUIR 87,[]
3031,LTEN 171,[]
3034,LTWL 124,[]
3035,MUS 102A,[]
3036,POLI 102E,[]
3038,RELI 143,[]
3039,RELI 150,[]
3040,LTRU 110C,[]
3042,TDCH 40,[]
3043,TDHD 171,[]
3045,VIS 124BN,[]
3046,TWS 26,[]
3047,USP 107,[]
3048,USP 176,[]
3049,VIS 125DN,[]
3050,ANAR 155S,[]
3051,CONT 1,[]
3052,LTEA 138GS,[]
3053,HIEU 154GS,[]
3054,EDS 21S,[]
3055,HIUS 122,[]
3056,MATH 20F,[]
3057,MUS 13AS,[]
3058,POLI 110ED,[]
3059,CGS 104,[]
3060,TDMV 144,[]
3061,ELWR 1S,[]
3063,HISC 111,[]
3065,MGT 138,[]
3067,ANAR 111,[]
3068,TDHT 190,[]
3069,BILD 40,[]
3070,BISP 192,[]
3071,ANSC 162,[]
3074,CHEM 92,[]
3077,COMM 87,[]
3078,ETHN 179B,[]
3079,CSE 90,[]
3080,ENG 3,[]
3081,EDS 132,[]
3082,ETHN 87,[]
3083,FPMU 180C,[]
3084,HIEA 140,[]
3085,JUDA 130,[]
3086,HIUS 111,[]
3088,HINE 130,[]
3089,LTRU 2C,[]
3091,LTWR 122,[]
3092,MAE 110B,[]
3093,MUS 127B,[]
3094,MGT 128,[]
3096,RELI 146,[]
3100,ANAR 182,[]
3102,SE 87,[]
3103,VIS 126K,[]
3104,TWS 23,[]
3105,BILD 51,[]
3106,BISP 191,[]
3107,CGS 107,[]
3108,COGS 90,[]
3111,CHEM 143AM,[]
3115,COMM 152,[]
3116,COMM 114K,[]
3117,ETHN 179A,[]
3119,HIEU 101,[]
3120,HILA 120,[]
3121,ECE 121,[]
3122,FPMU 180B,[]
3125,LTWL 191,[]
3126,LTEN 169,[]
3127,LTGK 130,[]
3128,LTLA 133,[]
3129,LTEN 172,[]
3130,MUS 102B,[]
3131,PHIL 147,[]
3132,POLI 110K,[]
3133,MUS 13AM,[]
3134,PSYC 120,[]
3135,POLI 128,[]
3138,SIO 126L,[]
3139,PSYC 128,[]
3140,TDCH 142,[]
3141,VIS 128B,[]
3142,TDHT 103,[]
3143,VIS 40,[]
3144,VIS 140,[]
3146,ANSC 158,[]
3147,AAS 87,[]
3148,HIEA 180,[]
3151,COMM 179,[]
3152,CGS 115,[]
3154,HIEU 174,[]
3155,PSYC 121,[]
3156,HIUS 142A,[]
3157,LIGN 118,[]
3158,LIHL 115,[]
3159,LIHL 117,[]
3160,LIHL 119,[]
3161,LIHL 132,[]
3162,LIHL 134,[]
3163,LTGK 133,[]
3164,LTCS 125,[]
3165,LTEN 117,[]
3166,MAE 143C,[]
3167,MUS 115,[]
3168,MUS 13AF,[]
3169,POLI 123,[]
3170,PHIL 179,[]
3171,POLI 140B,[]
3172,SE 121,[]
3174,ANAR 119S,[]
3175,SE 192,[]
3176,BICD 134,[]
3177,HIUS 114,[]
3178,HISC 104,[]
3179,POLI 144E,[]
3180,PSYC 103,[]
3181,BILD 36,[]
3182,PSYC 173,[]
3183,BICD 150,[]
3184,POLI 102F,[]
3185,PSYC 107,[]
3186,ETHN 173GS,[]
3187,HIEU 129,[]
3188,POLI 121B,[]
3189,PSYC 163,[]
3190,ETHN 155GS,[]
3191,REV 160GS,[]
3192,REV 165GS,[]
3194,ANSC 128,[]
3195,SOCI 148GS,[]
3196,CGS 116,[]
3197,COMM 112M,[]
3201,ETHN 158,[]
3202,FPMU 101B,[]
3203,FPMU 101A,[]
3204,HIEU 149,[]
3205,HIEU 176,[]
3206,HIEA 166,[]
3207,HINE 170,[]
3208,HINE 104,[]
3209,HINE 165,[]
3210,LIGN 87,[]
3211,HITO 124,[]
3212,LIHL 112,[]
3213,JUDA 103,[]
3214,ANSC 163,[]
3215,LIHL 114,[]
3216,LTEU 87,[]
3217,LTIT 192,[]
3218,MUS 102C,[]
3219,PHIL 178,[]
3220,LTLA 134,[]
3221,POLI 110EB,[]
3222,POLI 194SD,[]
3225,TDCH 143,[]
3226,TDHD 174,[]
3227,USP 134,[]
3228,VIS 104A,[]
3229,USP 123,[]
3232,BENG 109,[]
3233,ANSC 127,[]
3234,COGS 91,[]
3235,BILD 91,[]
3236,COMM 111M,[]
3238,COMM 112T,[]
3239,POLI 194RA,[]
3240,COMM 124,[]
3242,CONT 68,[]
3243,ETHN 162,[]
3244,CSE 192,[]
3245,HINE 103,[]
3246,COMM 128,[]
3248,LTAM 108,[]
3249,LTCS 155,[]
3250,LTGK 132,[]
3252,LTLA 116,[]
3254,POLI 103C,[]
3255,LTWR 144,[]
3257,PSYC 115,[]
3258,ANSC 102,[]
3259,PSYC 140,[]
3260,VIS 107CN,[]
3262,ANSC 103,[]
3263,ANSC 152,[]
3264,BENG 101,[]
3268,ETHN 114A,[]
3269,JUDA 111,[]
3270,LTCS 120,[]
3271,HIEA 168,[]
3272,POLI 110M,[]
3273,LTEU 130,[]
3274,ERC 188,[]
3275,LIHL 135,[]
3276,LTWL 129,[]
3277,LTWL 4D,[]
3278,SOCI 140F,[]
3280,PSYC 99,[]
3281,SOCI 161,[]
3282,LTWL 140,[]
3283,HIEA 128,[]
3284,POLI 90,[]
3285,LTEN 131GS,[]
3286,MMW 22,[]
3287,ANAR 103,[]
3288,HIEA 139GS,[]
3289,COMM 125,[]
3290,HIEU 108S,[]
3291,HIEU 105,[]
3292,HIUS 143,[]
3293,MMW 21,[]
3294,POLI 104C,[]
3295,PSYC 139,[]
3296,ANSC 168,[]
3297,ANTH 42,[]
3298,ANSC 116,[]
3300,ANSC 107,[]
3301,CHEM 100BL,[]
3302,TDGE 50,[]
3304,ECE 138L,[]
3305,CHEM 133,[]
3307,ECON 177L,[]
3309,EDS 138,[]
3310,HDP 135,[]
3311,HIEA 135,[]
3313,ETHN 172,[]
3315,HIEU 132,[]
3317,HIEU 163,[]
3318,HISC 144,[]
3319,LTEU 110,[]
3323,LTWL 123,[]
3324,LTIT 137,[]
3326,PHYS 120A,[]
3327,POLI 110G,[]
3328,LTWL 4F,[]
3330,USP 126,[]
3331,USP 139,[]
3332,SOCI 188J,[]
3333,TDGE 126,[]
3334,USP 174,[]
3335,SOCE 194,[]
3336,ANBI 109,[]
3337,ANSC 109,[]
3338,ANTH 147,[]
3339,ECE 85,[]
3341,ANSC 174,[]
3342,CSE 8AL,[]
3344,HIEA 113,[]
3347,HIEA 136,[]
3348,HIEU 147,[]
3349,HILA 106,[]
3351,LIHL 116,[]
3352,HINE 112A,[]
3353,ICAM 150,[]
3354,ICAM 40,[]
3355,LIHL 137,[]
3356,LTGK 131,[]
3358,POLI 100Q,[]
3359,LTLA 131,[]
3360,PHYS 120B,[]
3361,POLI 111B,[]
3362,REV 87,[]
3363,LTSP 119C,[]
3364,SE 111B,[]
3365,ANSC 108,[]
3366,TDHT 115,[]
3367,ANSC 123,[]
3368,VIS 126C,[]
3369,SE 112B,[]
3370,ANSC 145,[]
3371,ANSC 126,[]
3372,CHEM 143AH,[]
3373,ETHN 100,[]
3374,HIAF 120,[]
3376,ECON 161,[]
3377,HIEU 134,[]
3378,HIEA 111,[]
3379,HISC 130,[]
3380,ICAM 103,[]
3381,HIUS 160,[]
3382,MUS 95B,[]
3383,PHIL 109,[]
3384,LTCS 100,[]
3385,ICAM 101,[]
3386,ICAM 102,[]
3387,PHYS 121,[]
3388,USP 168,[]
3389,TMC 10,[]
3390,POLI 110DA,[]
3391,SE 112A,[]
3392,USP 116,[]
3394,TDPF 160,[]
3395,SE 111A,[]
3396,HITO 134,[]
3397,LTWL 4M,[]
3398,HILA 112,[]
3399,HIEU 140GS,[]
3400,PSYC 170,[]
3401,HIEU 118,[]
3402,ANAR 158GS,[]
3403,LIGN 147GS,[]
3404,LIGN 187GS,[]
3405,ETHN 107,[]
3406,COMM 108E,[]
3407,ANAR 159GS,[]
3408,HIUS 154,[]
3409,LTEN 149GS,[]
3410,LTEN 158GS,[]
3411,MAE 165,[]
3412,ANSC 113,[]
3413,ANSC 134,[]
3414,ANAR 105,[]
3416,ANAR 125,[]
3417,ECE 156,[]
3419,HIEA 164,[]
3420,CAT 75,[]
3421,BILD 95,[]
3423,HIEU 159,[]
3424,ECE 90,[]
3425,HILA 117,[]
3426,HILA 161,[]
3427,ICAM 130,[]
3428,HIUS 178,[]
3429,HIUS 167,[]
3430,LTAM 109,[]
3432,HINE 113,[]
3433,LTWL 4C,[]
3435,MAE 98,[]
3436,MUS 104,[]
3437,MAE 149,[]
3438,POLI 112C,[]
3439,MUS 110,[]
3441,POLI 133D,[]
3442,RELI 192,[]
3443,RELI 110A,[]
3444,TDAC 120,[]
3445,USP 146,[]
3447,WARR 192,[]
3448,RELI 145,[]
3449,VIS 104BN,[]
3450,COMM 105M,[]
3451,HIUS 140,[]
3452,ECON 158,[]
3453,HIUS 110,[]
3454,ETHN 169,[]
3455,HDP 115,[]
3456,COMM 193,[]
3457,HIUS 155,[]
3458,ECON 87,[]
3459,HIUS 183,[]
3460,LTAM 100,[]
3461,JUDA 100A,[]
3462,LIGN 141,[]
3463,LTCS 172,[]
3464,JUDA 110,[]
3465,LTEU 125,[]
3466,LTSP 122,[]
3467,LTLA 135,[]
3468,POLI 40,[]
3469,RELI 113,[]
3470,USP 115,[]
3471,LTWL 159,[]
3473,LTWL 111,[]
3474,POLI 110EC,[]
3476,ANSC 189,[]
3477,COGS 92,[]
3478,HIEU 130,[]
3479,COMM 169,[]
3480,HILA 114D,[]
3481,HILA 115,[]
3482,ANSC 170,[]
3483,ETHN 1A,[]
3484,HINE 107,[]
3485,HITO 172,[]
3486,HIUS 156D,[]
3487,JAPN 100A,[]
3489,HIUS 106A,[]
3490,LTAM 111,[]
3491,LTGK 112,[]
3492,LTLA 114,[]
3493,PHIL 180,[]
3494,POLI 100T,[]
3495,RELI 147,[]
3496,POLI 125A,[]
3497,SOCI 154,[]
3498,LTLA 4,[]
3499,USP 130,[]
3500,VIS 120C,[]
3501,SOCI 188O,[]
3502,COCU 166,[]
3503,ANSC 160,[]
3504,COCU 125,[]
3505,COCU 127,[]
3506,COGN 150,[]
3507,COGS 14,[]
3508,COGN 20,[]
3509,COHI 100,[]
3510,COMM 111N,[]
3511,HIUS 153,[]
3512,ANSC 167,[]
3513,COMT 105,[]
3514,POLI 134B,[]
3515,COCU 132,[]
3516,ANAR 157S,[]
3517,COCU 100,[]
3518,COCU 177,[]
3519,COMT 100,[]
3520,COHI 123,[]
3521,COSF 127,[]
3522,COSF 185,[]
3523,COSF 100,[]
3524,ECON 114,[]
3525,COSF 124,[]
3527,VIS 122GS,[]
3528,HIEU 112S,[]
3529,HIUS 115,[]
3531,POLI 110J,[]
3532,CAT 192,[]
3533,HIEU 106GS,[]
3534,COCU 172,[]
3535,COCU 160,[]
3536,COCU 137,[]
3537,COCU 175,[]
3538,COGN 22,[]
3539,COGN 194,[]
3540,COCU 163,[]
3541,COGN 21,[]
3542,COHI 135,[]
3543,COHI 175,[]
3545,COMM 111W,[]
3547,COMT 116,[]
3548,COMT 122,[]
3549,COMT 175A,[]
3550,COSF 140B,[]
3551,COSF 140C,[]
3552,COSF 142,[]
3553,COSF 139,[]
3554,COSF 140A,[]
3555,COMT 175,[]
3556,COSF 175,[]
3558,ENVR 130,[]
3559,ETHN 1C,[]
3560,HIEA 134,[]
3561,CSE 155,[]
3562,ECON 166,[]
3563,ECON 104,[]
3564,COSF 183,[]
3565,HIEU 104B,[]
3566,HITO 166,[]
3568,HILA 132D,[]
3569,HISC 166,[]
3570,HIEU 116CD,[]
3571,HISC 114,[]
3572,HITO 168,[]
3573,HITO 193,[]
3574,HIUS 131D,[]
3575,HIUS 155B,[]
3576,JAPN 100C,[]
3577,LTEN 179,[]
3578,LTEU 111,[]
3579,HIUS 169,[]
3580,LTSP 129,[]
3581,LTSP 87,[]
3582,POLI 124A,[]
3584,RELI 110B,[]
3585,USP 194,[]
3587,VIS 128E,[]
3588,PSYC 109,[]
3589,CHEM 15,[]
3590,CHEM 149B,[]
3591,VIS 109,[]
3592,COCU 124,[]
3593,COGN 191B,[]
3594,COCU 131,[]
3595,COCU 182,[]
3596,COGS 194,[]
3597,COHI 112,[]
3598,COHI 114,[]
3599,COCU 162,[]
3600,COHI 130,[]
3601,COHI 117,[]
3602,COMM 139,[]
3603,COMT 104,[]
3604,COMT 109,[]
3605,COMT 110,[]
3606,COMT 111A,[]
3607,COMT 115,[]
3608,COMT 112,[]
3609,COMM 142,[]
3610,COMT 120,[]
3611,COSF 126,[]
3612,COSF 181,[]
3613,COSF 186,[]
3614,ECON 163,[]
3618,HIEU 110,[]
3619,HINE 101,[]
3620,ETHN 1B,[]
3621,HISC 180,[]
3622,HITO 105,[]
3623,HIUS 155A,[]
3624,HITO 140,[]
3625,JAPN 100B,[]
3626,JUDA 102,[]
3627,LATI 190,[]
3628,LTGK 135,[]
3629,LTGM 134,[]
3630,MAE 125B,[]
3631,MAE 102,[]
3633,RELI 111,[]
3634,USP 122,[]
3635,VIS 110F,[]
3636,COCU 110,[]
3638,POLI 134I,[]
3639,COCU 120,[]
3640,CHEM 149A,[]
3641,COCU 148,[]
3642,COHI 136,[]
3643,COGN 191A,[]
3644,COCU 130,[]
3645,COCU 144,[]
3646,COSF 134,[]
3647,COSF 143,[]
3648,COSF 182,[]
3649,COSF 184,[]
3650,COCU 183,[]
3651,COSF 129,[]
3652,COCU 136,[]
3653,CSE 153,[]
3654,ETHN 134,[]
3655,LTEN 117A,[]
3657,JUDA 100,[]
3658,LATI 87,[]
3660,LISP 15,[]
3661,LTAM 87,[]
3662,LTEN 120A,[]
3663,LTLA 132,[]
3664,MAE 9,[]
3665,MMW 4,[]
3667,PSYC 119,[]
3668,MAE 125A,[]
3669,LTGK 113,[]
3670,VIS 110J,[]
3671,MMW 5GS,[]
3672,VIS 87,[]
3673,MMW 5,[]
3674,BENG 104GS,[]
3675,BENG 105GS,[]
3676,COCU 140,[]
3677,HIUS 128,[]
3678,MMW 6GS,[]
3679,HIEU 123GS,[]
3680,MMW 6,[]
3681,ETHN 175,[]
3682,COSF 128,[]
3683,LTEN 186,[]
3684,LTEU 137GS,[]
3685,MMW 4GS,[]
3686,VIS 114GS,[]
3687,VIS 127GS,[]
3688,BILD 94,[]
3689,ANSC 110,[]
3690,COCU 165,[]
3691,COCU 168,[]
3692,COHI 113,[]
3693,COCU 170,[]
3694,COHI 116,[]
3695,COSF 171A,[]
3696,COMM 104M,[]
3697,COSF 188,[]
3698,ECE 1C,[]
3700,ETHN 180,[]
3702,ETHN 156,[]
3703,HIEA 116,[]
3704,HIEU 117B,[]
3705,HISC 162,[]
3706,HIEU 157,[]
3707,HINE 162,[]
3708,HITO 165,[]
3709,LTEN 127B,[]
3710,LTEN 146,[]
3712,LTEA 100B,[]
3713,LTWL 104,[]
3714,MMW 3,[]
3715,POLI 100N,[]
3716,TDCH 146,[]
3717,PHIL 159,[]
3718,LTWL 152,[]
3719,POLI 192,[]
3720,PSYC 146,[]
3721,SOCI 122C,[]
3723,BIBC 104,[]
3724,VIS 153,[]
3725,COHI 122,[]
3727,USP 110,[]
3728,ECE 175,[]
3729,COCU 181,[]
3730,COSF 177,[]
3731,HIEU 101A,[]
3732,HIUS 162,[]
3733,HIEA 121,[]
3734,ECE 1B,[]
3735,LTEN 127A,[]
3736,LTEN 141,[]
3738,ETHN 146A,[]
3739,MAE 118B,[]
3740,LTEN 151,[]
3742,PHIL 104,[]
3743,PHYS 171,[]
3744,MMW 2,[]
3745,POLI 110EA,[]
3746,SOCI 122B,[]
3747,RELI 112,[]
3748,SIO 182A,[]
3749,SIO 186,[]
3750,STPA 181,[]
3751,BIEB 132,[]
3752,VIS 126D,[]
3753,COCU 141C,[]
3754,BIBC 130,[]
3755,BIEB 159,[]
3756,COCU 123,[]
3757,COHI 115,[]
3758,COHI 124,[]
3759,COHI 128,[]
3760,COHI 134,[]
3761,COMM 105T,[]
3763,ECE 1A,[]
3764,ERC 10,[]
3765,COSF 141,[]
3767,ETHN 176,[]
3768,HIEA 125,[]
3769,HIEU 117A,[]
3770,HIEA 120,[]
3771,LTEN 125C,[]
3773,HILA 121,[]
3774,LTEN 145,[]
3775,LTEN 143,[]
3776,LTEN 187,[]
3777,LTEN 160,[]
3778,LTEU 138,[]
3779,LTGK 110,[]
3780,MMW 1,[]
3782,MUIR 90H,[]
3783,MMW 4T,[]
3784,MAE 118A,[]
3785,MUS 154,[]
3786,PHIL 157,[]
3787,PHYS 172,[]
3788,STPA 35,[]
3789,CHEM 6BL,[]
3790,SOCI 122A,[]
3791,VIS 126J,[]
3792,COCU 178,[]
3793,PSYC 135,[]
3794,TDPR 1,[]
3795,COCU 169,[]
3796,HIUS 132S,[]
3797,HIEU 114GS,[]
3798,COSF 130,[]
3799,COHI 127,[]
3800,HIEA 117,[]
3801,HIUS 132,[]
3802,HINE 110,[]
3803,LAWS 102S,[]
3804,ANSC 112,[]
3805,POLI 100GS,[]
3806,POLI 101GS,[]
3807,USP 178,[]
3808,ANAR 142,[]
3809,ANSC 172,[]
3810,BIMM 126,[]
3811,BIMM 127,[]
3812,CHEM 112B,[]
3814,BIMM 173,[]
3815,COMM 121,[]
3816,COCU 108,[]
3817,CHEM 124,[]
3818,COMT 125,[]
3819,COSF 139B,[]
3820,COSF 169,[]
3821,CSE 70,[]
3822,HIEU 153A,[]
3823,HIUS 107,[]
3824,HITO 117,[]
3825,DOC 100,[]
3826,LTEN 190,[]
3827,HIUS 147,[]
3828,LTEU 139,[]
3829,MAE 118C,[]
3830,LTGM 131,[]
3831,LTKO 1A,[]
3832,MMW 6H,[]
3833,SIO 112,[]
3834,LTWR 110B,[]
3836,POLI 110N,[]
3837,SOCI 168T,[]
3838,CHEM 112A,[]
3840,USP 165,[]
3841,VIS 128P,[]
3842,SIO 182B,[]
3845,COCU 139,[]
3846,COGN 87,[]
3847,COMM 167,[]
3848,COSF 139A,[]
3849,ECE 80,[]
3850,HIEU 133,[]
3851,ECE 53,[]
3852,HIEU 126,[]
3855,HIUS 176,[]
3856,LTEA 100A,[]
3857,LATI 50XL,[]
3858,LIGN 140,[]
3859,HIUS 101,[]
3860,LTWL 4A,[]
3861,LTWR 112,[]
3863,POLI 100K,[]
3864,BIEB 147,[]
3865,MMW 5H,[]
3866,BILD 71,[]
3867,CGS 109B,[]
3868,BICD 111,[]
3869,BICD 131,[]
3872,HIEU 184,[]
3873,ENG 100,[]
3874,HIUS 173,[]
3875,LIGN 172,[]
3876,LTWR 107,[]
3877,LTEN 115A,[]
3878,HIUS 116,[]
3879,MMW 4H,[]
3880,HIEU 104GS,[]
3881,COHI 125,[]
3882,USP 166,[]
3883,CHIN 13,[]
3884,SOCI 155,[]
3885,LTEN 114,[]
3886,CHIN 21,[]
3888,SOCA 100,[]
3889,SOCB 145,[]
3890,SOCB 117,[]
3891,SOCC 141,[]
3892,SOCB 162,[]
3893,SOCC 154,[]
3894,SOCC 157,[]
3895,SOCL 1A,[]
3896,SOCL 1B,[]
3897,SOCD 187S,[]
3898,BIEB 145,[]
3899,SOCL 60,[]
3900,ANAR 181,[]
3901,CGS 192,[]
3902,BIMM 171C,[]
3903,CHIN 113,[]
3904,ETHN 133,[]
3906,ETHN 170B,[]
3908,CHIN 23,[]
3909,ETHN 170,[]
3910,HIEA 167,[]
3911,HIEU 182,[]
3912,MUS 10,[]
3913,HIUS 135B,[]
3915,HINE 166,[]
3916,LIGN 192,[]
3917,HINE 163,[]
3918,MUS 192,[]
3919,PHIL 191B,[]
3920,PHIL 192,[]
3922,SOCA 110A,[]
3923,SOCA 106M,[]
3924,SOCA 109,[]
3925,SOCA 104,[]
3926,SOCB 112,[]
3927,SOCB 120S,[]
3928,SOCB 143,[]
3929,SOCB 113,[]
3930,SOCC 159,[]
3931,SOCC 167,[]
3932,SOCC 153,[]
3933,SOCB 172,[]
3934,SOCC 139,[]
3935,SOCD 178,[]
3936,SOCC 148,[]
3937,SOCD 187,[]
3938,SOCE 192,[]
3939,SOCL 40,[]
3940,SOCD 179,[]
3941,SOCD 188A,[]
3942,SOCI 192,[]
3943,SOCL 20,[]
3944,SOCC 126,[]
3945,SOCL 87,[]
3946,TDHT 111,[]
3947,ANAR 141,[]
3948,TDCH 145,[]
3949,ANBI 103,[]
3950,CHIN 22,[]
3952,CHIN 112,[]
3953,CHIN 12,[]
3954,ECE 173,[]
3955,ESYS 120,[]
3956,HIUS 100,[]
3957,LTEU 109,[]
3958,LTEA 100C,[]
3959,HIUS 120,[]
3960,LTWL 153,[]
3961,HIUS 106B,[]
3962,LTLA 111,[]
3963,HIUS 134,[]
3964,LTGM 190,[]
3965,SOCB 119,[]
3966,SOCA 105,[]
3967,SOCA 108A,[]
3968,SOCB 137,[]
3969,LTWR 104,[]
3970,SOCB 160,[]
3971,SOCB 118A,[]
3972,SOCB 115,[]
3973,SOCB 160L,[]
3974,SOCC 129,[]
3975,SOCC 168T,[]
3976,SOCC 180,[]
3977,SOCC 184,[]
3978,SOCD 188J,[]
3979,SOCC 140F,[]
3980,SOCC 152,[]
3981,SOCD 185,[]
3982,USP 103,[]
3983,SOCL 50,[]
3984,COCU 126,[]
3985,CGS 110,[]
3986,VIS 123AN,[]
3987,CHIN 111,[]
3988,COCU 141A,[]
3989,COMM 109E,[]
3990,CHIN 11,[]
3991,BISP 190,[]
3992,LTEN 177,[]
3993,EDS 134,[]
3995,ECE 159A,[]
3996,COSF 180,[]
3997,LTEU 137,[]
3998,ETHN 186,[]
3999,LTEN 125B,[]
4000,LTWR 109,[]
4001,MATH 192,[]
4002,POLI 142O,[]
4003,MAE 192,[]
4004,MUS 33,[]
4005,LTWL 147,[]
4006,POLI 181A,[]
4007,SOCA 106,[]
4008,SOCD 151,[]
4009,SOCC 136B,[]
4010,SOCC 163,[]
4011,SOCC 140,[]
4012,SOCA 107,[]
4013,SOCD 176,[]
4014,SOCD 177,[]
4015,SOCB 125,[]
4016,TMC 192,[]
4017,LTWL 149,[]
4018,SOCB 166,[]
4019,ANSC 117GS,[]
4020,VIS 121D,[]
4021,HIUS 135A,[]
4022,ANSC 119GS,[]
4023,ETHN 170A,[]
4024,BIMM 120GS,[]
4025,ERC 103GS,[]
4026,BILD 18GS,[]
4027,POLI 112CS,[]
4028,SOCD 188GS,[]
4029,SOCC 132,[]
4030,COMT 108,[]
4031,BENG 167,[]
4032,HINE 160,[]
4033,VIS 150,[]
4034,LIHL 112X,[]
4035,LIHL 116X,[]
4036,LIHL 115X,[]
4037,HISC 170,[]
4038,LIHL 114X,[]
4039,LTWR 117,[]
4040,LIHL 117X,[]
4041,LIHL 134X,[]
4042,LTWL 4B,[]
4043,LTEN 147,[]
4044,RELI 141,[]
4045,MAE 180B,[]
4046,LTWR 128,[]
4047,POLI 116A,[]
4049,SOCD 164,[]
4050,LIHL 132X,[]
4051,SOCD 181,[]
4052,LIHL 137X,[]
4053,SOCB 127,[]
4054,LTAM 130,[]
4055,SOCC 149,[]
4056,BILD 24,[]
4057,SOCD 189,[]
4058,VIS 156N,[]
4061,VIS 104CN,[]
4062,ECE 53A,[]
4063,HIEA 163,[]
4064,LTIT 110,[]
4065,COGS 25,[]
4066,HITO 127,[]
4067,LTWL 115,[]
4068,SOCC 148L,[]
4069,POLI 181B,[]
4070,RELI 131,[]
4071,POLI 132C,[]
4072,SOCB 118L,[]
4073,SOCB 142,[]
4074,SOCD 182,[]
4075,SOCC 136A,[]
4076,SOCC 138,[]
4077,SOCC 134A,[]
4078,SOCC 165A,[]
4079,VIS 124AN,[]
4080,VIS 127D,[]
4081,SOCD 130,[]
4082,ECON 192,[]
4083,ANPR 192,[]
4084,ECON 158A,[]
4085,SOCL 30,[]
4087,SOCA 103M,[]
4088,HIEU 147A,[]
4089,HIUS 187,[]
4090,LTWL 122,[]
4091,SOCB 118,[]
4092,MAE 1,[]
4093,SOCD 169,[]
4095,ANLD 3,[]
4096,ANLD 1,[]
4097,TDHT 116,[]
4098,ANLD 42,[]
4099,ECON 173,[]
4100,COCU 142,[]
4101,ECON 170A,[]
4102,ECON 170B,[]
4103,SOCD 188D,[]
4104,ECON 175,[]
